{
    "name": "root",
    "metadata": {
        "timer_format_version": "0.1.0",
        "start_time_seconds": "1692235148",
        "python_version": "3.9.13 (tags/v3.9.13:6de2ca5, May 17 2022, 16:36:42) [MSC v.1929 64 bit (AMD64)]",
        "command_line_arguments": "F:\\Game Programming\\My Projects\\MLTest\\venv\\Scripts\\mlagents-learn --run-id=Test1",
        "mlagents_version": "0.30.0",
        "mlagents_envs_version": "0.30.0",
        "communication_protocol_version": "1.5.0",
        "pytorch_version": "2.0.1+cpu",
        "numpy_version": "1.21.2",
        "end_time_seconds": "1692235223"
    },
    "total": 74.7588589,
    "count": 1,
    "self": 0.006027900000006525,
    "children": {
        "run_training.setup": {
            "total": 0.05779539999999983,
            "count": 1,
            "self": 0.05779539999999983
        },
        "TrainerController.start_learning": {
            "total": 74.6950356,
            "count": 1,
            "self": 0.09537489999971172,
            "children": {
                "TrainerController._reset_env": {
                    "total": 17.027123,
                    "count": 1,
                    "self": 17.027123
                },
                "TrainerController.advance": {
                    "total": 57.426777200000274,
                    "count": 4900,
                    "self": 0.08590450000039596,
                    "children": {
                        "env_step": {
                            "total": 56.9094133999998,
                            "count": 4900,
                            "self": 53.38775799999976,
                            "children": {
                                "SubprocessEnvManager._take_step": {
                                    "total": 3.4629510999998594,
                                    "count": 4900,
                                    "self": 0.28168370000005183,
                                    "children": {
                                        "TorchPolicy.evaluate": {
                                            "total": 3.1812673999998076,
                                            "count": 4874,
                                            "self": 3.1812673999998076
                                        }
                                    }
                                },
                                "workers": {
                                    "total": 0.05870430000018345,
                                    "count": 4899,
                                    "self": 0.0,
                                    "children": {
                                        "worker_root": {
                                            "total": 26.889880099999885,
                                            "count": 4899,
                                            "is_parallel": true,
                                            "self": 8.06134899999978,
                                            "children": {
                                                "steps_from_proto": {
                                                    "total": 0.0003962000000008459,
                                                    "count": 1,
                                                    "is_parallel": true,
                                                    "self": 0.00020179999999925258,
                                                    "children": {
                                                        "_process_rank_one_or_two_observation": {
                                                            "total": 0.0001944000000015933,
                                                            "count": 2,
                                                            "is_parallel": true,
                                                            "self": 0.0001944000000015933
                                                        }
                                                    }
                                                },
                                                "UnityEnvironment.step": {
                                                    "total": 18.828134900000105,
                                                    "count": 4899,
                                                    "is_parallel": true,
                                                    "self": 0.3108800000000862,
                                                    "children": {
                                                        "UnityEnvironment._generate_step_input": {
                                                            "total": 0.2566866999999675,
                                                            "count": 4899,
                                                            "is_parallel": true,
                                                            "self": 0.2566866999999675
                                                        },
                                                        "communicator.exchange": {
                                                            "total": 17.414310700000197,
                                                            "count": 4899,
                                                            "is_parallel": true,
                                                            "self": 17.414310700000197
                                                        },
                                                        "steps_from_proto": {
                                                            "total": 0.8462574999998544,
                                                            "count": 4899,
                                                            "is_parallel": true,
                                                            "self": 0.4063814999999451,
                                                            "children": {
                                                                "_process_rank_one_or_two_observation": {
                                                                    "total": 0.43987599999990934,
                                                                    "count": 9798,
                                                                    "is_parallel": true,
                                                                    "self": 0.43987599999990934
                                                                }
                                                            }
                                                        }
                                                    }
                                                }
                                            }
                                        }
                                    }
                                }
                            }
                        },
                        "trainer_advance": {
                            "total": 0.4314593000000748,
                            "count": 4899,
                            "self": 0.10399650000012173,
                            "children": {
                                "process_trajectory": {
                                    "total": 0.3274627999999531,
                                    "count": 4899,
                                    "self": 0.3274627999999531
                                }
                            }
                        }
                    }
                },
                "trainer_threads": {
                    "total": 2.300000005561742e-06,
                    "count": 1,
                    "self": 2.300000005561742e-06
                },
                "TrainerController._save_models": {
                    "total": 0.14575820000000306,
                    "count": 1,
                    "self": 0.007088000000010197,